Longitude,Lattitude,osm_id,osm_type,completeness,amenity,healthcare,name,operator,source,speciality,operator_type,operational_status,opening_hours,beds,staff_doctors,staff_nurses,health_amenity_type,dispensing,wheelchair,emergency,insurance,water_source,electricity,is_in_health_area,is_in_health_zone,url,addr_housenumber,addr_street,addr_postcode,addr_city,changeset_id,changeset_version,changeset_timestamp,uuid
33.79101882,-13.93951766,12460738117,node,9.375,pharmacy,,Home Care,,,,,,,,,,,,,,,,,,,,,,,,160746589,1,2024/12/29 11:52:17+00,b2b56c282b50407d9323eda98f5065cd
33.79190982,-13.93799257,1883763938,node,9.375,pharmacy,pharmacy,,,,,,,,,,,,,,,,,,,,,,,,,87233506,2,2020/06/27 19:01:19+00,5b4bee50f2414022bc31940ffeb91bab
,,460598829,way,12.5,hospital,,Khombedza Health Center,Malawi Ministry of Health,,,,,,,,,,,,,,,,,,,,,,,44523551,1,2016/12/19 19:19:39+00,b306ba8516214e60aea906e30bc379bc
34.91183157,-16.24138533,4439024095,node,12.5,clinic,,Kalulu Clinic,,,,,,Mo-Fr 07:00-17:00; Sa-Su 09:00-11:00,,,,,,,,,,,,,,,,,,42754828,1,2016/10/09 14:06:47+00,136b7014f5504b17b01e268164b8e0e6
,,805384243,way,12.5,hospital,hospital,Khonjeni Health Centre,,,,,,,,,,,,,,,,,,,,,,,,85384796,1,2020/05/18 12:40:20+00,0fe9d8484bd9462baf2f703d962bd2bf
,,447381370,way,9.375,hospital,hospital,,,,,,,,,,,,,,,,,,,,,,,,,81652412,2,2020/03/01 19:24:03+00,76cc4f9617d642b6bbe4fb690a44e1bc
,,693461762,way,12.5,hospital,hospital,Chilonga Health Center,,,,,,,,,,,,,,,,,,,,,,,,155522907,2,2024/08/20 18:02:44+00,ae38d934412f48b8a248dcc29ecae0f5
35.73218269,-15.59130177,9131089617,node,9.375,hospital,,Mtemanyama,,,,,,,,,,,,,,,,,,,,,,,,111845976,1,2021/09/29 05:19:07+00,f6c5e50cf0204834a398649ffec78319
34.21049586,-10.45384003,6823009385,node,15.625,clinic,clinic,Shalom Private Clinic,,,,,,Mo-Sa 07:30-20:00,,,,,,,,,,,,,,,,,,74959710,2,2019/09/26 12:54:17+00,85d818050c904a1db34f9129a6a62033
33.83193768,-14.07302654,4456212490,node,9.375,clinic,,Chacogo Medical Clinic,,,,,,,,,,,,,,,,,,,,,,,,43028713,1,2016/10/20 10:40:10+00,17805ac6f6014e1bb1387d8ddc1f5f04
35.07967323,-15.63008307,8345664017,node,9.375,clinic,,Makata heath Centre,,,,,,,,,,,,,,,,,,,,,,,,97913764,1,2021/01/21 15:05:41+00,6efe2e9c3ad34c09a4f12efe6a60bcc4
35.01043184,-15.78724183,7608912603,node,18.75,hospital,hospital,Shifa Hospital,,,,,,,,,,,,,,,,,,,,,Haile Selassie Avenue,,Blantyre,86464426,1,2020/06/10 12:32:39+00,18f671d2fd444b10bb5e04ae143fdb9d
,,78605112,way,6.25,hospital,,,,,,,,,,,,,,,,,,,,,,,,,,69805670,7,2019/05/02 13:56:05+00,d7340629917a47f49c708e7ec6432347
,,998391475,way,9.375,hospital,hospital,,,,,,,,,,,,,,,,,,,,,,,,,113280398,1,2021/11/02 11:51:06+00,94207e3e239e46ab831ab30fd8fbb853
33.74154774,-13.96834118,2031724422,node,9.375,clinic,,ABC Clinic,,,,,,,,,,,,,,,,,,,,,,,,14796087,2,2013/01/26 18:19:57+00,c569744315744307ab7eab876c137b35
,,715629098,way,12.5,hospital,hospital,Dambe Health Post,,,,,,,,,,,,,,,,,,,,,,,,85384510,2,2020/05/18 12:35:08+00,48c46bc2c9b6432f8780c3ec44308c16
,,1381224923,way,9.375,hospital,,Chiradzulu District Hospital,,,,,,,,,,,,,,,,,,,,,,,,165437183,1,2025/04/25 18:17:10+00,e28c231538d64aab9c60ed36dcd4ebc0
,,791436628,way,12.5,hospital,hospital,Billy Riordan Memorial Clinic,,,,,,,,,,,,,,,,,,,,,,,,121047066,3,2022/05/16 10:51:55+00,ed6ffab141a1444a8c4faceded7d7c13
34.44077608,-13.77111265,5276605521,node,6.25,pharmacy,,,,,,,,,,,,,,,,,,,,,,,,,,54527672,1,2017/12/11 03:36:49+00,05062a04899b4fc3a0178bafefd6ffdf
33.7616602,-13.97840651,8333352776,node,15.625,pharmacy,pharmacy,GenNex,,,,,,,,,,,,,,,,,,,,,Santa Plaza,,,98934175,2,2021/02/08 22:32:25+00,a65119e243cf403d9471b6bde4c06ffb
35.73217783,-15.59210995,9131089717,node,9.375,hospital,,Mtemanyama,,,,,,,,,,,,,,,,,,,,,,,,111845976,1,2021/09/29 05:19:08+00,ae3a96af7c6441088d1ea900d222b3fb
,,469169888,way,12.5,hospital,hospital,Chimaliro Health Centre,,,,,,,,,,,,,,,,,,,,,,,,85384906,2,2020/05/18 12:42:33+00,3d88ec943e924b3fa4f5f8d762152c1d
34.10772023,-10.28746193,476501750,node,9.375,hospital,,Nyungwe Hospital,,,,,,,,,,,,,,,,,,,,,,,,2300853,1,2009/08/29 13:17:59+00,b53c401306484cdcbbcc3a61412268ec
34.79959228,-16.20031551,6463835248,node,12.5,clinic,clinic,Lengwe Clinic,,,,,,,,,,,,,,,,,,,,,,,,70100680,1,2019/05/10 08:40:57+00,8e82342fa7c545f7a54e63da1f9afd20
35.00442386,-15.78994575,3241061865,node,12.5,pharmacy,,Life Pharmacies,,,,,,,,,,,no,,,,,,,,,,,,,46080396,2,2017/02/14 14:23:51+00,5bedc73b460247248ccbafe95fe401a1
,,453327189,way,15.625,hospital,,Occupational Health (OH) Office - Illovo,Paul Bandawe,,,,,Mo-Fr 07:00-17:00,,,,,,,,,,,,,,,,,,136380841,6,2023/05/21 17:18:13+00,7f2c90f398ea4a3888cce5f0e72d602d
33.4751639,-12.13805506,1023278824,node,9.375,hospital,,Loudon Hospital,,,,,,,,,,,,,,,,,,,,,,,,6554471,1,2010/12/05 18:16:50+00,3c35df6735654b2a8090f592aac25f6b
,,1054775153,way,12.5,hospital,hospital,Matawale Health Center,,,,,,,,,,,,,,,,,,,,,,,,120168274,2,2022/04/25 14:01:19+00,75ca170e095f41c8991d43f65bdb8494
33.86955415,-13.66031814,9359979109,node,21.875,hospital,hospital,Dzaleka Covid 19 Isolation Center,UN agency,,,ngo,,24/7,,,,,,,,,,,,,,,,,,168607362,2,2025/07/07 14:02:09+00,88d3831855f74aac812168cf8659420e
34.89160789,-16.25822583,4439097690,node,12.5,clinic,,Factory Clinic (Illovo),,,,,,Mo-Fr 07:00-17:00; Sa-Su 09:00-11:00,,,,,,,,,,,,,,,,,,42754828,1,2016/10/09 14:06:49+00,962bdf41be88446e845291b675f4dc36
35.35965755,-15.39003216,12745850004,node,12.5,hospital,hospital,ONSE Health Activity,,,,,,,,,,,,,,,,,,,,,,,,164792606,1,2025/04/11 00:26:20+00,4a2a150250f7485faca98c5586b0fc77
34.89187485,-16.25845985,6461548731,node,9.375,doctors,,Company Medical officer office,,,,,,,,,,,,,,,,,,,,,,,,136380841,2,2023/05/21 17:18:13+00,3514d8f39d1440489967b353ce0996de
34.62803835,-15.55099831,1269920168,node,9.375,hospital,,Magaleta Health Center,,,,,,,,,,,,,,,,,,,,,,,,39727338,2,2016/06/02 07:32:03+00,477721f1afaa4423831b98d80399ce01
,,516826461,way,12.5,hospital,,Ntcheu District Hospital,Ministry of Health,,,,,,,,,,,,,,,,,,,,,,,51254751,1,2017/08/19 12:30:11+00,462b850b216b4ef39196058ce9e9183d
,,433793228,way,12.5,hospital,,Koche Hospital,Roman Catholic,,,,,,,,,,,,,,,,,,,,,,,170052695,6,2025/08/06 11:38:50+00,21961d68d6ea474b9dabbbccb12fc819
,,1122580433,way,9.375,hospital,hospital,,,,,,,,,,,,,,,,,,,,,,,,,130145960,1,2022/12/16 09:00:50+00,a254400e36bf4b00ae3e446bb3c7e6cc
35.02006625,-15.80185828,6461643909,node,12.5,hospital,hospital,Hospital Director's Office,,,,,,,,,,,,,,,,,,,,,,,,70070204,1,2019/05/09 12:07:49+00,3cdec178f45f4b98a85afe36b5995859
35.03853913,-15.77620404,7780264585,node,9.375,hospital,,Madina Islamic private Hospital,,,,,,,,,,,,,,,,,,,,,,,,88864679,1,2020/08/03 08:10:58+00,2e82ba34f65848a398cfab1b1788bd88
,,886636414,way,9.375,hospital,hospital,,,,,,,,,,,,,,,,,,,,,,,,,153425514,2,2024/07/01 19:01:11+00,cd0a8d0ef3dd4f11b2f5da46e968ed9c
33.79765209,-13.99206105,10267145109,node,31.25,clinic,clinic,Kawale,,,maternity;dentist;internal;gynaecology,,operational,24/7,,,,,,,,public,,grid,,,,,,,Lilongwe,137416093,2,2023/06/16 14:02:00+00,35da6557d35c41df98eb012abd9fd650
,,317819938,way,12.5,hospital,,Surgery Hospital,Dr. Chilemba,,,,,,,,,,,,,,,,,,,,,,,27554437,2,2014/12/18 17:10:28+00,f4c8e7ce4156490f8f929c218e9e7a64
,,450942921,way,9.375,hospital,,Ntaja Health Centre,,,,,,,,,,,,,,,,,,,,,,,,43371225,1,2016/11/03 06:39:03+00,40dd35cdda054941801c990367de51a1
,,814118637,way,15.625,hospital,hospital,Mzimba South District Hospital,,,,,,,,,,,,,yes,,,,,,,,,,,86398514,1,2020/06/09 09:33:13+00,5fa6312a2c9c408495624404a2402028
,,479574281,way,21.875,hospital,,Comfort Community Hospital - OPD,Andiamo Youth Cooperative Trust,,,,,,,,,,,,,,,,,,,P.O.Box 314,Nankhombe Street,,Balaka,48930633,3,2017/05/23 22:56:43+00,12947e1541794d4fb6d8bca821405e7e
33.46491794,-9.65011995,5674018523,node,9.375,clinic,,Chuba Clinic,,,,,,,,,,,,,,,,,,,,,,,,59983549,2,2018/06/19 15:59:12+00,5fb0ff4ffc72489bad363d361786e5ec
,,266274288,way,6.25,hospital,,,,,,,,,,,,,,,,,,,,,,,,,,65126910,4,2018/12/03 14:13:11+00,5aacd726b7fa46c8aef1f06e379294d8
,,343963186,way,12.5,hospital,hospital,Nkhata District Hospital,,,,,,,,,,,,,,,,,,,,,,,,142088685,2,2023/10/03 08:34:04+00,079e649dd0e84346a37c159317e9e186
,,266254718,way,9.375,hospital,,Mlambe Hospital,,,,,,,,,,,,,,,,,,,,,,,,21110161,1,2014/03/15 02:36:43+00,6c70e98f2c564c9e83efc39fbd734e8c
33.78460725,-13.95654357,6456315491,node,12.5,dentist,dentist,Family Dental Clinic,,,,,,,,,,,,,,,,,,,,,,,,102803340,3,2021/04/12 12:18:53+00,6d70f9033d4845738d16c5e2b586ddf1
34.85465928,-16.22214937,6463828715,node,15.625,clinic,clinic,Mangulenje Clinic,,,general,,,,,,,,,,,,,,,,,,,,,123904721,2,2022/07/21 18:11:43+00,65fe74e4a446416fa802790cf01c1f60
,,981986431,way,18.75,hospital,hospital,Dzaleka Hostpital,,,,,,,,,,,,,,,,,,,,,Blantyre,,Dowa/Dzaleka,112372479,4,2021/10/11 12:12:20+00,b4898757295246b2bed25f9b8e3edbe2
34.84049437,-15.34762224,1269919855,node,9.375,hospital,,Midzemba Health Center,,,,,,,,,,,,,,,,,,,,,,,,8026819,1,2011/05/01 22:47:50+00,f95eeb9b83bd425ca28a88b48e787523
34.87576508,-16.22602256,6463855777,node,12.5,clinic,clinic,Mlambe Outreach Clinic,,,,,,,,,,,,,,,,,,,,,,,,70100842,1,2019/05/10 08:45:19+00,722dc5a2f9754fdbbc6f4ed380eb83ce
,,502773261,way,12.5,hospital,hospital,HOPE MEDI CLINICS,,,,,,,,,,,,,,,,,,,,,,,,164792567,2,2025/04/11 00:24:26+00,d4b5fdb4edcb4334a99e9a3a7d1f5de9
35.09494867,-15.38973854,12744198059,node,12.5,hospital,hospital,Chipini Health Centre,,,,,,,,,,,,,,,,,,,,,,,,164758522,1,2025/04/10 09:06:29+00,7b44fce4fa1f4358b579e66bd9b0d3df
,,528779879,way,9.375,hospital,,,,,,,,,,,,,,,yes,,,,,,,,,,,52482124,1,2017/09/29 17:22:37+00,cc2e7e7bf053454986542b9e96fa53cd
34.65990283,-15.32183825,1269919859,node,9.375,hospital,,Matandani Health Center,,,,,,,,,,,,,,,,,,,,,,,,8026819,1,2011/05/01 22:47:50+00,c9dd6bec184a4b2d8d33820a3eebc1df
35.39406132,-15.277315,12745862908,node,12.5,hospital,hospital,Domasi College Clinic,,,,,,,,,,,,,,,,,,,,,,,,164792641,1,2025/04/11 00:27:59+00,ba19b68150034d7a943d7690e3a3c0f1
,,1005522105,way,12.5,hospital,,Adventist Health Centre,,,,,,,,,,,,,,,,,,,,,,,Lilongwe,114131580,1,2021/11/23 09:32:31+00,d9eb3c984abc45909b87ae656d31bc5d
,,533574225,way,12.5,hospital,hospital,Lisungwi Community Hospital,,,,,,,,,,,,,,,,,,,,,,,,135607999,3,2023/05/02 09:45:10+00,70d81455f87e40f59817ee8420ba4020
34.34375655,-14.39719916,4456207091,node,9.375,clinic,,Medical Clinic,,,,,,,,,,,,,,,,,,,,,,,,43028408,1,2016/10/20 10:19:03+00,ddc45d75919949dfb058c2a17d92f04f
,,886636415,way,9.375,hospital,hospital,,,,,,,,,,,,,,,,,,,,,,,,,153425514,2,2024/07/01 19:01:11+00,b42d4e299da84287a66b2a98f7139744
35.00780269,-15.78550317,6551596685,node,12.5,pharmacy,,Pharmacare Pharmacies,,,,,,,,,,,,,,,,,,,,,Glyn Jones Road,,,71308789,1,2019/06/16 19:46:48+00,8b2935f00e1e4c95bb319b136b8efad2
34.91412964,-14.08410356,4453653390,node,6.25,clinic,,,,,,,,,,,,,,,,,,,,,,,,,,42988665,1,2016/10/18 16:50:44+00,e5cc2cb4140a4c009a832ced188d6139
,,820231234,way,9.375,hospital,hospital,,,,,,,,,,,,,,,,,,,,,,,,,87233506,1,2020/06/27 19:01:19+00,89d4d63c33094c60b087d1934ce73420
34.06539908,-12.36528812,7563304511,node,9.375,hospital,hospital,,,,,,,,,,,,,,,,,,,,,,,,,85842675,1,2020/05/27 16:15:02+00,b7c4fd4ce5354b81ba31fdc37ef1af39
,,688877874,way,12.5,hospital,hospital,QECH Paediatric Medical Bay,,,,,,,,,,,,,,,,,,,,,,,,70068554,1,2019/05/09 11:19:51+00,0f662ffbdc6944aab8254f014460b630
33.92635764,-9.938750283,4430590190,node,6.25,pharmacy,,,,,,,,,,,,,,,,,,,,,,,,,,42626558,1,2016/10/04 11:03:01+00,f0efd4e0f12545f89f59fa6650a71db3
35.06136749,-15.81292465,4394514289,node,9.375,pharmacy,,Citipharm,,,,,,,,,,,,,,,,,,,,,,,,56524433,2,2018/02/20 15:50:40+00,8d1a38bfe8dd4edf8179b717fe1cce6b
,,427995168,way,15.625,hospital,,MASM Medi Clinic,Medical Aid Society of Malawi,,,,,,,,,,,,yes,,,,,,,,,,,40367453,2,2016/06/29 13:16:22+00,3ed0fc9e0ab44168b827016497c459d4
33.86878319,-13.65395862,9359979107,node,21.875,clinic,clinic,El Rapha Kalombo Pvt Clinic,Individual,,,private,,24/7,,,,,,,,,,,,,,,,,,168607362,2,2025/07/07 14:02:09+00,3a5c8607b3024021b125323c564741f5
35.65009309,-14.89190135,4362825003,node,9.375,clinic,,Ntuluko Health Facility,,,,,,,,,,,,,,,,,,,,,,,,41638419,1,2016/08/23 13:36:12+00,1f26af932ab744d6bab335b1b9d15e60
34.33578385,-14.39481074,4456207092,node,9.375,clinic,,Partner Clinic,,,,,,,,,,,,,,,,,,,,,,,,43028408,1,2016/10/20 10:19:14+00,4010a525ed2340ce9c82cb60cc55123d
34.90870353,-15.96769867,10563246152,node,9.375,clinic,,Madziabango Health Center,,,,,,,,,,,,,,,,,,,,,,,,131392164,1,2023/01/17 18:44:15+00,f59a31f825ff46aba0b9b0583dec75b2
,,805377047,way,12.5,hospital,hospital,Matope Health Center,,,,,,,,,,,,,,,,,,,,,,,,136059237,2,2023/05/13 16:11:26+00,23879b5e16704a2994f5d16a78a2db86
35.08014874,-15.62994192,8337419517,node,9.375,clinic,,Makata,,,,,,,,,,,,,,,,,,,,,,,,97754572,1,2021/01/19 09:21:50+00,292554709345431ab37503af7103ce09
34.65335338,-15.39518242,1096948266,node,9.375,hospital,,Neno District Hospital,,,,,,,,,,,,,,,,,,,,,,,,6994221,2,2011/01/16 21:36:13+00,7988ec9f7208452c8747dcbfde597f8e
,,814594672,way,18.75,hospital,hospital,"AMECA Clinic, Chilaweni",AMECA,,general,,,,,,,,,,,,,,,,,,,,,86468611,1,2020/06/10 14:16:27+00,2e6a660d1e4e4501a1aa3ddd34f9fbff
35.39088173,-15.53640416,9131089819,node,9.375,hospital,,Mwembere,,,,,,,,,,,,,,,,,,,,,,,,111845976,1,2021/09/29 05:19:12+00,0bce749a15b443d180dce99975f880d3
35.00546732,-15.7847576,4462717095,node,15.625,pharmacy,,Pharma Plus Pharmacy,,,,,,,,,,,,,,,,,,,,,Victoria Avenue,,Blantyre,69721606,2,2019/04/30 06:55:54+00,a16236e7cb2649779316768c580e6cc0
,,1059555183,way,9.375,clinic,clinic,,,,,,,,,,,,,,,,,,,,,,,,,120885091,1,2022/05/12 11:48:59+00,9975cc8eb0544a7c9d97cd9d07891926
33.79218256,-13.93879606,3068404943,node,12.5,clinic,clinic,Lilongwe Private Clinic,,,,,,,,,,,,,,,,,,,,,,,,87233506,2,2020/06/27 19:01:19+00,d1113a2ef71642658216f72edd6ed158
,,266131814,way,6.25,hospital,,,,,,,,,,,,,,,,,,,,,,,,,,43267685,4,2016/10/29 15:21:42+00,b3143d24d9d3418cac1806ecee8cbad9
,,699048107,way,12.5,clinic,clinic,MUST Clinic,,,,,,,,,,,,,,,,,,,,,,,,126801017,2,2022/09/29 23:27:45+00,2b7cf4a8daa24dc2a81d369e0e68ca8c
,,460602207,way,12.5,hospital,,Kawamba Health Center,Malawi Ministry of Health,,,,,,,,,,,,,,,,,,,,,,,44523972,1,2016/12/19 19:38:37+00,37d2c6125b5b4d3d98a660193231a330
33.78122214,-13.99499035,3089037829,node,12.5,hospital,hospital,Nkhoma Eye Clinic,,,,,,,,,,,,,,,,,,,,,,,,100844492,2,2021/03/11 13:05:13+00,88ef25f5ed284e4cadeef38ec57db1e4
34.69950204,-15.59604123,1269920169,node,9.375,hospital,,Chifunga Health Center,,,,,,,,,,,,,,,,,,,,,,,,8026829,1,2011/05/01 22:48:45+00,1cc2f180869745ad99c536d547bb1a34
33.71253797,-14.02633926,4875432359,node,12.5,pharmacy,pharmacy,Likuni Drug Store,,,,,,,,,,,,,,,,,,,,,,,,96274708,2,2020/12/22 17:54:38+00,d445a334d6dd4671b252f4a16843b561
,,408006882,way,12.5,clinic,,Ulongwe Dispensary,,,,,,,,,,,,,,,,,,,,,,,Ulongwe,38326702,1,2016/04/05 18:07:33+00,4b9a0e03b4ed4568aaa4fe18845e9b93
34.21127663,-10.45276806,6815961985,node,12.5,dentist,dentist,Tiwonge Dental,,,,,,,,,,,,,,,,,,,,,,,,74959710,2,2019/09/26 12:54:17+00,c44f8544a30b43e38b0e164fc732c672
33.77835905,-13.95327831,5344400622,node,9.375,dentist,dentist,,,,,,,,,,,,,,,,,,,,,,,,,99857719,2,2021/02/23 22:25:35+00,fd2db427d5194662a7b0db99c5d0f88b
,,442603469,way,12.5,hospital,,Ngabu Rural Hospital,,,,,,,,,,,,,yes,,,,,,,,,,,121118748,2,2022/05/17 21:29:39+00,863e48dc2bb342af838a794497b96602
,,820231233,way,12.5,clinic,clinic,MASM Area12 clinic,,,,,,,,,,,,,,,,,,,,,,,,92941252,2,2020/10/23 09:29:42+00,0499bee5ece241dbbc9b8cfc71f7bf88
35.60712679,-14.77241992,4478365812,node,9.375,clinic,,Mpiri Health Centre,,,,,,,,,,,,,,,,,,,,,,,,43371549,1,2016/11/03 07:00:36+00,051c697d64494be9abb1c61d21811674
,,1094050246,way,9.375,hospital,hospital,,,,,,,,,,,,,,,,,,,,,,,,,126117513,1,2022/09/13 07:19:06+00,5682146dac754f8c8d61810e16b8831e
35.02162068,-15.80248248,6461577785,node,12.5,hospital,hospital,Family planning clinic,,,,,,,,,,,,,,,,,,,,,,,,70069233,1,2019/05/09 11:38:21+00,7a6af345889e4f91a5bf9b7ed4cccb6f
,,435267017,way,9.375,clinic,,Lifuwu Health Center,,,,,,,,,,,,,,,,,,,,,,,,41188854,2,2016/08/02 10:38:16+00,63537bacddb24cfdb7836ea03eec36b4
,,337244499,way,9.375,hospital,,Nakalanzi Health Centre,,,,,,,,,,,,,,,,,,,,,,,,30052512,4,2015/04/08 00:09:13+00,754d44e9e8284f069d03b5eb6e7a1ce0
33.22658548,-13.92357863,10900384874,node,9.375,clinic,,Nkhwazi Health Centre,,,,,,,,,,,,,,,,,,,,,,,,136143478,1,2023/05/15 21:17:12+00,3e76bdbd06dd425bb744ed2b8b82d91e
35.0224841,-15.80446304,6461614415,node,12.5,hospital,hospital,Medical doctors residence,,,,,,,,,,,,,,,,,,,,,,,,70069717,1,2019/05/09 11:53:25+00,5b4ece859bdb4a9398a53f7d4aafcd6c
,,238114547,way,12.5,hospital,,Mumbwe Private Hospital,,,,,,,,,,,,,no,,,,,,,,,,,18063319,2,2013/09/27 16:11:45+00,e5bd5eed84b84566afb3b9b4ca5a2e5f
,,886636420,way,9.375,hospital,hospital,,,,,,,,,,,,,,,,,,,,,,,,,153425514,2,2024/07/01 19:01:11+00,6a011d308b564c3cbaeb8b4606148a56
,,809228778,way,12.5,hospital,hospital,Dedza Hospital,,,,,,,,,,,,,,,,,,,,,,,,85899356,1,2020/05/28 16:09:46+00,662b0cbf6c8c4fdb873780f266d7290f
,,1095607038,way,25,clinic,clinic,Makunganya  Clinic,Mr. Makunganya,,paediatrics;general,private,,,,,,,,,,,,,,,,,,,Balaka,127737815,2,2022/10/18 16:49:55+00,8d6daa08b6244e10bf59be93f9ff15c7
,,809227899,way,12.5,hospital,hospital,Matiki Health Center,,,,,,,,,,,,,,,,,,,,,,,,85899215,1,2020/05/28 16:05:28+00,8021ab4e4b6240bca25a8aa327d97d83
,,400296855,way,15.625,hospital,hospital,Area 18 Health Centre,Malawi Ministry of Health,,,,,,,,,,,,,,,,,,,,,,,102137068,4,2021/04/01 15:41:27+00,5a404387931c47f49a43c746c4c17d43
33.76292872,-13.98148627,393314003,node,12.5,pharmacy,pharmacy,Maula Pharmacies,,,,,,,,,,,,,,,,,,,,,,,,102863867,4,2021/04/13 11:40:33+00,1b4f31dd99564356b6f4287461d20da8
35.6310474,-15.49991312,9131089517,node,9.375,hospital,,Malambwe,,,,,,,,,,,,,,,,,,,,,,,,111845976,1,2021/09/29 05:19:06+00,08a2a9194d724f4e911824feaa27cbe2
,,1052557181,way,12.5,hospital,hospital,Zomba Mental Hospital,,,,,,,,,,,,,,,,,,,,,,,,119835197,1,2022/04/18 01:38:52+00,3ef527b7b4984336af1434549842f8cf
35.17694514,-14.86216093,4965986524,node,9.375,clinic,,ULONGWE CATHOLIC Health Centre,,,,,,,,,,,,,,,,,,,,,,,,50228389,1,2017/07/12 12:03:48+00,2b933d7956284b53acbd1c9b186a2e14
,,582802358,way,12.5,hospital,hospital,Mwalingo Private Hospital,,,,,,,,,,,,,,,,,,,,,,,,113565668,2,2021/11/09 13:21:27+00,1365e4881e414b6482c3211d5fb5ae87
,,460595807,way,12.5,hospital,,Chipoka Health Centre,Malawi Ministry of Health,,,,,,,,,,,,,,,,,,,,,,,44523150,2,2016/12/19 19:02:15+00,d57fb17d0d6d47c48e8881a32e8942a3
35.52883679,-14.87317065,476507020,node,9.375,hospital,,Ntaja Hospital Center,,,,,,,,,,,,,,,,,,,,,,,,2301047,1,2009/08/29 13:34:37+00,ccdc1f561b024e91b9ea4e542c4606a4
35.22453876,-15.06191535,920497053,node,9.375,hospital,,Machinga District Hospital,,,,,,,,,,,,,,,,,,,,,,,,5838904,3,2010/09/21 17:48:15+00,9996f4c295d2422e922d178aae630467
,,266274152,way,9.375,hospital,,Hospital,,,,,,,,,,,,,,,,,,,,,,,,24734806,3,2014/08/13 23:58:56+00,d585caa14e514c978b6627f5d67c0c6e
34.54904143,-14.2017512,3443531901,node,9.375,hospital,,Nakalanzi Health Centre,,,,,,,,,,,,,,,,,,,,,,,,30049209,1,2015/04/07 20:27:25+00,a6c6bf8dbefc4a9fb60716e79748ff38
,,304605565,way,9.375,hospital,,Health Clinic,,,,,,,,,,,,,,,,,,,,,,,,25614957,1,2014/09/22 23:17:09+00,8e4960398b93439fa9e90684d21bd97b
35.02295072,-15.80206548,6461614416,node,12.5,hospital,hospital,Postnatal ward,,,,,,,,,,,,,,,,,,,,,,,,70069717,1,2019/05/09 11:53:25+00,b6d6f58150c3446f819662665a59b400
,,805405530,way,12.5,hospital,hospital,Thuchila Health Centre,,,,,,,,,,,,,,,,,,,,,,,,86468936,2,2020/06/10 14:24:02+00,2daf653075c14a18995b3bfc217ae125
,,332881004,way,12.5,hospital,,LIKANGALA Health Center,,,,,,24/7,,,,,,,,,,,,,,,,,,29899516,3,2015/04/01 08:55:17+00,531e49eaee1f4e99bb9c5e5c2945e1bc
,,304114082,way,9.375,hospital,,Bondo Health Center,,,,,,,,,,,,,,,,,,,,,,,,31743261,2,2015/06/05 11:33:15+00,a832de5174564199a9d1bdc09116a432
,,422892439,way,9.375,hospital,,Ntaja Health Post,,,,,,,,,,,,,,,,,,,,,,,,39808724,1,2016/06/05 04:17:37+00,724e91d8faee45ac89b5f8f8f55aa13c
,,478245158,way,21.875,hospital,,Andiamo Comfort Community Hospital,Andiamo Youth Cooperative Trust,,,,,,,,,,,,,,,,,,,po box 314,Andiamo Road,,Balaka,46544800,1,2017/03/03 10:00:21+00,82a7c2cc663d44289a4414246e664607
,,432014406,way,15.625,hospital,,St. John's Hospital,Catholic Church,,,,,,,,,,,,yes,,,,,,,,,,,40884891,1,2016/07/20 00:25:34+00,cfa8403e11a6493395fded9c001f81ac
35.02294275,-15.80477015,6461626491,node,12.5,hospital,hospital,Malaria Alert Centre,,,,,,,,,,,,,,,,,,,,,,,,70069924,1,2019/05/09 11:59:22+00,0ae056ecb14f40ab9ecd135c46c4e77e
,,412646795,way,9.375,hospital,,Mitundu Chipitala,,,,,,,,,,,,,,,,,,,,,,,,63653319,4,2018/10/18 16:44:38+00,2ff7df1c0c8946ae92eb3496de8975d0
,,529181059,way,6.25,hospital,,,,,,,,,,,,,,,,,,,,,,,,,,53807326,2,2017/11/15 15:44:06+00,23a5b8655a2b495296c07cff1c7eccb6
,,460602204,way,12.5,hospital,,Lifuwu Health Center,Malawi Ministry of Health,,,,,,,,,,,,,,,,,,,,,,,44523972,1,2016/12/19 19:38:37+00,48510a5c7ee941a49abe64fc016fb3a2
,,693461753,way,12.5,hospital,hospital,Chilonga Health Center,,,,,,,,,,,,,,,,,,,,,,,,155522907,2,2024/08/20 18:02:44+00,a4d997d362c349cdad8d4592c8133e45
35.00565734,-15.78596652,4462709793,node,12.5,pharmacy,,One Stop Pharmacy,,,,,,,,,,,,,,,,,,,,,,,Blantyre,69721606,3,2019/04/30 06:55:54+00,b349bc572f3d4d9caa7f738c374b4c52
,,814555619,way,12.5,hospital,hospital,Karonga District Hospital,,,,,,,,,,,,,,,,,,,,,,,,86463042,1,2020/06/10 12:06:04+00,9ecdcff0bc22443faaf341408d178445
35.25807894,-14.48418303,902487973,node,6.25,pharmacy,,,,,,,,,,,,,,,,,,,,,,,,,,5715204,1,2010/09/08 09:12:16+00,9a06dca4ce56431e90f61aba12216a49
34.21117873,-10.45280377,6815961885,node,15.625,clinic,clinic,Tiwonge Private Clinic,,,,,,Mo-Sa 07:30-18:30,,,,,,,,,,,,,,,,,,74959710,2,2019/09/26 12:54:17+00,82b0898b71cc44aa94e8201e32034619
,,1059455290,way,12.5,hospital,hospital,Trinity Hospital / Nursing and Midwifery Training Centre,,,,,,,,,,,,,,,,,,,,,,,,143564744,2,2023/11/03 09:19:01+00,a5d87f3f2111427dbe61ce9e7ec42e23
33.92446367,-9.940067415,4429427996,node,9.375,clinic,,Maneno Private Clinic,,,,,,,,,,,,,,,,,,,,,,,,82782749,2,2020/03/29 15:27:21+00,2cd6e414b01146ff877540dc98989848
35.02492868,-15.80678466,2718556778,node,6.25,pharmacy,,,,,,,,,,,,,,,,,,,,,,,,,,21111668,1,2014/03/15 06:23:16+00,fc9361da4c3f4d4ebdb3a47bb3258870
33.76426756,-14.00660683,5359156225,node,18.75,clinic,clinic,Good hope pvt clinic,,,,,,,,,,,,,,,,,,,,area3 lilongwe,Barron Avenue,,,99111440,2,2021/02/11 13:42:43+00,8bdbbee22e7e4ffc9f9f66d60b5210c4
,,791437307,way,12.5,hospital,hospital,St Gabriel Mission Hospital,,,,,,,,,,,,,,,,,,,,,,,,114995523,5,2021/12/16 08:44:49+00,244bbb7131654439acd9b9b5f40abe56
,,447382122,way,9.375,hospital,hospital,,,,,,,,,,,,,,,,,,,,,,,,,153425514,2,2024/07/01 19:01:11+00,8b48fbbd91f3455b9186e3209d0aebb1
35.24762512,-15.41018393,4726583501,node,9.375,hospital,,Namadidi Health Center,,,,,,,,,,,,,,,,,,,,,,,,46720810,1,2017/03/09 20:13:53+00,6f66647baa4549b4a841d7d8ffde4cc1
35.02242534,-15.8021301,6461564079,node,12.5,hospital,hospital,Labour ward,,,,,,,,,,,,,,,,,,,,,,,,70069007,1,2019/05/09 11:31:54+00,fb6cf38b967c4c809d4f561dd259596b
35.08728174,-15.8372574,5828992186,node,9.375,clinic,,Thandizo Private Clinic,,,,,,,,,,,,,,,,,,,,,,,,61618934,1,2018/08/13 09:12:26+00,4b482dab524b4b94acee42842c0bdc93
,,762759246,way,15.625,hospital,hospital,Daeyang Luke Hospital,CHAM,,,,,,,,,,,,,,,,,,,,,,,92638369,8,2020/10/17 18:11:51+00,cc00b2dcc56e46b5807c1f3815e645d6
34.79228493,-16.02342224,8639706876,node,9.375,hospital,,Chikwawa District Hospital,,,,,,,,,,,,,,,,,,,,,,,,103132414,1,2021/04/18 11:06:03+00,8971fc53d5b143e5a1e9e5a245ab6bd1
,,1162022814,way,12.5,hospital,hospital,Kande Hospital,,,,,,,,,,,,,,,,,,,,,,,,134854242,1,2023/04/13 09:39:47+00,245edd7856f643baafd948fbc5b056fe
,,820890733,way,9.375,hospital,hospital,,,,,,,,,,,,,,,,,,,,,,,,,153425514,2,2024/07/01 19:01:11+00,c57213881b314a36a0cc69fbb043330a
35.02092422,-15.80233496,8368019518,node,12.5,hospital,,QECH Main Laboratory,,,,,,,,,,,,,,,,,,,,,Chipatala Avenue,,,98243305,1,2021/01/27 17:17:37+00,1c0850472f6447c0b3641986acd53e44
33.76982149,-13.98724874,5410102521,node,28.125,pharmacy,pharmacy,PHARMALIFE Pharmacies Ltd,Aaron Glyn Sosola,,,,,Mo-Su 07:30-21:30,,,,,,,,,,,,,,Shop#208,"Game Complex, Next PEP",3,,101815927,4,2021/03/26 20:21:24+00,b7f7db102cce462c967e92ce2ecb9a92
35.25708485,-15.2518916,9131090017,node,9.375,hospital,,Zomba Fikila,,,,,,,,,,,,,,,,,,,,,,,,111845976,1,2021/09/29 05:19:13+00,5643d8797a764c86996578973a27ddb5
,,654790087,way,12.5,hospital,hospital,Chikuse Health Center,,,,,,,,,,,,,,,,,,,,,,,,65452587,1,2018/12/13 19:32:43+00,6dbeac61e7d74ea6a3625fc7040a9bb0
35.50244939,-14.36398612,10582222586,node,12.5,clinic,,Namwera Health Center,Ministry of Health,,,,,,,,,,,,,,,,,,,,,,,131705135,1,2023/01/25 17:42:37+00,4eddc24253254657b528e95652341862
,,265355763,way,18.75,hospital,hospital,MASM Medi Clinic,MASM,,,private,,,,,,,,,,,,,,,,,,,,100599111,3,2021/03/08 02:58:24+00,99deb5965d6845faabf17972e0a126e6
,,606121211,way,12.5,hospital,hospital,Migowi Hospital Center,,,,,,,,,,,,,,,,,,,,,,,,85380659,2,2020/05/18 11:26:33+00,5144643550304112bd9441a281c80269
,,353260387,way,6.25,clinic,,,,,,,,,,,,,,,,,,,,,,,,,,31927444,1,2015/06/12 17:37:28+00,0f543a66b19449379605724ff76fd8f4
,,842284980,way,12.5,hospital,hospital,Child Legacy International Hospital Compound,,,,,,,,,,,,,,,,,,,,,,,,90134422,1,2020/08/30 03:00:11+00,cb8bf94f55834079a05c772971f4d3bb
35.81117349,-15.67593946,9131089817,node,9.375,hospital,,Maoni,,,,,,,,,,,,,,,,,,,,,,,,111845976,1,2021/09/29 05:19:09+00,a149362261fc47c88cb890c5ec217f3b
34.59534533,-13.74133837,4857871217,node,9.375,clinic,,Baptist Medical Clinic,,,,,,,,,,,,,,,,,,,,,,,,48733142,1,2017/05/16 14:22:55+00,76497b5bab8f475b94fbdf99164fada3
,,442802336,way,12.5,clinic,clinic,AREA18 mediclinic,,,,,,,,,,,,,,,,,,,,,,,,99210187,4,2021/02/13 11:43:06+00,c3912acc39fa4cb6addafd94c35fb725
34.29799136,-11.60781938,11384948982,node,6.25,pharmacy,,,,,,,,,,,,,,,,,,,,,,,,,,144611211,1,2023/11/30 04:52:33+00,9d5dfa24fe11479b8df2835665375d73
,,426299296,way,12.5,hospital,hospital,Malawi Blood Transfusion Service,,,,,,,,,,,,,,,,,,,,,,,,85386338,2,2020/05/18 13:15:35+00,37b3b629d03b48da99d6c3fdf2b52ddd
,,266274151,way,9.375,hospital,,Gombwa,,,,,,,,,,,,,,,,,,,,,,,,24734806,2,2014/08/13 23:58:55+00,146616c7237847a086f2912e11b9c5ee
,,300035221,way,9.375,clinic,,Kakoma Health Centre,,,,,,,,,,,,,,,,,,,,,,,,134911588,2,2023/04/14 16:34:46+00,725709431a9542e992b1fb3a3c8195c2
,,881550245,way,12.5,hospital,hospital,Chitedze Clinic,,,,,,,,,,,,,,,,,,,,,,,,95360101,1,2020/12/06 10:08:24+00,9d42084d8ff34526b0306b5b04109745
,,471318244,way,12.5,hospital,hospital,Local hospital,,,,,,,,,,,,,,,,,,,,,,,,86463358,3,2020/06/10 12:11:52+00,f9bc942a8fde43fe87bf4d0a20834021
,,814559841,way,12.5,hospital,hospital,Cobbe Barracks Health Center,,,,,,,,,,,,,,,,,,,,,,,,86463768,1,2020/06/10 12:20:08+00,7df88e52c25b45eba86a8a56ea5f784e
,,266259023,way,15.625,hospital,hospital,Mwaiwathu Private Hospital,,,,,,,,,,,,,,,,,,,,,,,Blantyre,167275160,5,2025/06/06 16:14:21+00,4d03fa0ccaa84f1fa6bfbef3fc3a4ab0
35.71548535,-16.08028532,12645142188,node,15.625,hospital,hospital,Namasalima health centre,,,general,,,,,,,,,,,,,,,,,,,,,163357420,1,2025/03/08 10:25:40+00,5bf06c5a45784595b1409bacb55837e1
,,599421036,way,9.375,clinic,clinic,,,,,,,,,,,,,,,,,,,,,,,,,59983549,1,2018/06/19 15:59:09+00,6154719316394c5fb97ff09fc3c68799
,,367811951,way,12.5,hospital,hospital,Mfera Health Center,,,,,,,,,,,,,,,,,,,,,,,,137367837,2,2023/06/15 12:18:24+00,d4c4ff4a77a94f4e858a08dc56c3e467
35.60614233,-14.77299567,4478365813,node,9.375,clinic,,Mpiri Health Centre (Old),,,,,,,,,,,,,,,,,,,,,,,,43371549,1,2016/11/03 07:00:36+00,3c4a872b47d94a3ca2419ef17b54d57a
,,36074669,way,9.375,hospital,,Zomba Central Hospital,,,,,,,,,,,,,,,,,,,,,,,,149830862,13,2024/04/10 17:19:41+00,0a0a6383af294cbea0a9df1d3cc815c7
,,419395067,way,9.375,hospital,,Lifeline,,,,,,,,,,,,,,,,,,,,,,,,39416507,1,2016/05/19 06:54:19+00,31431022e6e84bbb86e3a4c9641f3b14
35.02149864,-15.80195333,6461573596,node,12.5,hospital,hospital,Paediatric clinics,,,,,,,,,,,,,,,,,,,,,,,,70069161,1,2019/05/09 11:36:18+00,9ecc2e77462742a395ff24ee5e6b5236
,,886636419,way,9.375,hospital,hospital,,,,,,,,,,,,,,,,,,,,,,,,,153425514,2,2024/07/01 19:01:11+00,5d63d57a33c34e79825e7beedf184342
33.91193767,-13.36396472,561309681,node,12.5,hospital,hospital,Ntchisi Hospital,,,,,,,,,,,,,,,,,,,,,,,,150148402,2,2024/04/17 21:04:01+00,ac265deed2444df291d3cff27ce0396f
,,442635283,way,12.5,hospital,hospital,Chivu Health Centre,,,,,,,,,,,,,,,,,,,,,,,,86410929,3,2020/06/09 13:19:08+00,5a127c2524f84c058f8d57de9b837c36
34.12454523,-13.73013177,476497668,node,9.375,hospital,,Mvera Mission Hospital,,,,,,,,,,,,,,,,,,,,,,,,2300737,1,2009/08/29 13:09:42+00,7187c217500f4e7080fe3e9548f0141f
34.88178715,-16.27776136,6463850993,node,12.5,clinic,clinic,Nkombezi Clinic,,,,,,,,,,,,,,,,,,,,,,,,70100780,1,2019/05/10 08:43:24+00,8f0bf11c95ab4607b4d8ce948310d4d8
35.22459542,-14.85316371,4965998321,node,9.375,clinic,,BALAKO DHO Health Centre,,,,,,,,,,,,,,,,,,,,,,,,50228389,1,2017/07/12 12:03:47+00,08d13c5491304d92add368892a17c017
33.87012639,-13.66929977,9359979111,node,21.875,clinic,clinic,Hope Family Clinic,Individual,,,private,,24/7,,,,,,,,,,,,,,,,,,168607362,2,2025/07/07 14:02:09+00,5d4e7f6944e0430dab1252bd279159f0
35.18411435,-15.90136161,1692074129,node,9.375,hospital,,Mikolongwe Health Centre,,,,,,,,,,,,,,,,,,,,,,,,11107502,1,2012/03/26 15:55:37+00,17ce2e87fa2d454a9ff195aa8158171f
35.26513064,-14.48195403,902487975,node,9.375,hospital,,Mangochi District Hospital,,,,,,,,,,,,,,,,,,,,,,,,103132565,3,2021/04/18 11:11:15+00,5b8e33d8c1df4ce99977c159110ee583
34.88578766,-16.40332085,6463899104,node,12.5,clinic,clinic,Alumenda Clinic,,,,,,,,,,,,,,,,,,,,,,,,102763057,2,2021/04/12 02:18:05+00,627a6593174e419ebf00e40f9cfb9820
35.05502466,-15.81269574,4818854325,node,9.375,hospital,,Kanjedza MediClinic (MASM),,,,,,,,,,,,,,,,,,,,,,,,66873063,2,2019/02/03 10:26:43+00,6813e3c86f8f47418a1515e3d8e3fbc3
35.14508997,-15.54565334,9131089818,node,9.375,hospital,,Chiradzulu Malikiyelo,,,,,,,,,,,,,,,,,,,,,,,,111845976,1,2021/09/29 05:19:11+00,e11801faef584a0b8ac8e23886746403
33.76384888,-13.98251347,4946382521,node,12.5,pharmacy,pharmacy,One Stop Pharmacy,,,,,,,,,,,,,,,,,,,,,,,,102863867,2,2021/04/13 11:40:33+00,4249f267ce144db6addf186ce3ca7826
,,437000574,way,15.625,hospital,hospital,Namanolo Health Center,"Ministry of Health, Balaka DHO",,,,,,,,,,,,,,,,,,,,,,,70066331,4,2019/05/09 10:12:53+00,42dbe5104e0742eba70d209f7b3aa1ad
35.45108534,-15.4852235,4740267125,node,9.375,hospital,,Pirimiti Community Hospital,,,,,,,,,,,,,,,,,,,,,,,,50859236,2,2017/08/05 10:35:46+00,594c2aa5e6b047b394c82d618dc6640b
,,808424986,way,18.75,hospital,hospital,Kamuzu Central Hospital,,,,,,24/7,,,,,,,,,,,,,,,Mzimba Street,,,144203497,3,2023/11/19 11:03:29+00,b42e82b2b8d24caeb7e1a264d34e39fe
,,545646075,way,12.5,clinic,clinic,Sadzi Clinic,,,,,,,,,,,,,,,,,,,,,,,,121900263,2,2022/06/03 15:00:21+00,ce51725639d14857816248fc4bf3dd29
33.27245377,-9.70234038,5623535522,node,9.375,pharmacy,,Lufita Drug Store,,,,,,,,,,,,,,,,,,,,,,,,59036145,1,2018/05/17 04:51:03+00,6434f17a1d36472dbfb824012d7e8b2d
,,805392182,way,15.625,hospital,hospital,Katete OPD,,,,,,,,,,,,,no,,,,,,,,,,,85386208,1,2020/05/18 13:11:58+00,60e5433a40f44c238cdf25743683a35f
33.78707639,-13.97387927,5540801321,node,25,pharmacy,pharmacy,Pharmalife Pharmacies Ltd,Sosola family,,,,,Mo-Su 07:30-21:30,,,,,,,,,,,,,,,Kenyatta Road,3,,101444855,2,2021/03/21 15:34:06+00,35a6e83f56484a4fb9caef3290cdb63e
,,631568866,way,9.375,dentist,dentist,,,,,,,,,,,,,,,,,,,,,,,,,63277331,1,2018/10/07 12:08:53+00,1ae91330dfd54173a4a89b6b3460a6e3
,,453168644,way,12.5,doctors,doctor,Dr s Kampondeni,,,,,,,,,,,,,,,,,,,,,,,,131197150,2,2023/01/12 16:43:10+00,e757e50a39c946a8833463c2937f1599
33.53270684,-9.669553476,5567732925,node,15.625,hospital,hospital,Mwalingo Private Hospital,Misuku Coffee Cooperative,,,,,,,,,,,,,,,,,,,,,,,58277160,1,2018/04/20 21:44:05+00,9b7796359a7f4da196452952f9eb2ce1
35.02368195,-15.80158301,6461551698,node,12.5,hospital,hospital,QECH Eye department,,,,,,,,,,,,,,,,,,,,,,,,70068797,1,2019/05/09 11:27:00+00,af9f7beaa75a4fd08a9d592104c94b97
,,297141314,way,9.375,clinic,,MacAlester Maternity Wing,,,,,,,,,,,,,,,,,,,,,,,,24671755,1,2014/08/11 07:54:23+00,1c9cf5fc635e49da87e7031508fcbdb4
35.01014426,-15.80539175,12076544239,node,9.375,pharmacy,,Pleasant Pharmacy,,,,,,,,,,,,,,,,,,,,,,,,154472600,1,2024/07/27 08:32:05+00,0851f9e56f34405eb7c68eadc7d0b30e
,,886636417,way,9.375,hospital,hospital,,,,,,,,,,,,,,,,,,,,,,,,,153425514,2,2024/07/01 19:01:11+00,8954bff0445542c9b83f4fb717c25be7
,,884093964,way,9.375,hospital,hospital,,,,,,,,,,,,,,,,,,,,,,,,,153425514,2,2024/07/01 19:01:11+00,3b3cb1501c944ff2b4296a4854504da4
,,422431565,way,12.5,hospital,,Rumphi District Hospital,,,,,,,,,,,,,,,,,,,,,,,Rumphi,39735737,1,2016/06/02 14:26:58+00,1c619ee0d66b463d88f8378da8182d18
35.40702335,-15.4515689,12745842056,node,12.5,hospital,hospital,Alshefaa Health Centre (Machilitso Health Centre),,,,,,,,,,,,,,,,,,,,,,,,164792473,1,2025/04/11 00:20:38+00,3a239190edb0430089fbd47978db1fa5
33.86934234,-13.66218077,9359979110,node,18.75,clinic,clinic,Kids Living With Disability,NGO,,,ngo,,,,,,,,,,,,,,,,,,,,168607362,2,2025/07/07 14:02:09+00,3739641e7edc48cbaad26871062a640e
,,222939423,way,15.625,hospital,hospital,Mzuzu Central Hospital,,,,,,,,,,,,,yes,,,,,,,,,,,149831031,3,2024/04/10 17:24:22+00,772df60e28e2464bb9a0dcb3f52a8119
,,825373864,way,15.625,hospital,hospital,Good hope private clinit,Gwaza,,,,,,,,,,,,,,,,,,,,,,,95233697,4,2020/12/03 14:51:16+00,f825cbc8b2cb4c24a2367636c3c2c885
35.34678705,-15.36760017,9774948501,node,12.5,pharmacy,pharmacy,,,,,,,,,,,,yes,,,,,,,,,,,,,121574719,1,2022/05/27 12:38:37+00,905b0cd332d046d0b8a60a29375363bb
34.96875258,-16.69454563,11183317604,node,9.375,hospital,hospital,,,,,,,,,,,,,,,,,,,,,,,,,141112042,1,2023/09/11 12:59:51+00,5357c8045a834104b280c5dda25b1fbc
33.94279036,-14.13818025,13017238445,node,18.75,hospital,hospital,kallumbu hospital,government,,,public,,,,,,,,,,,,,,,,,,,,169291844,1,2025/07/22 12:46:07+00,c00f5f6c6225493cae54d43e9b04ae5c
,,631568895,way,12.5,hospital,hospital,Mwanza Hospital,,,,,,,,,,,,,,,,,,,,,,,,63277331,1,2018/10/07 12:08:54+00,5014a8c8b38e4596be195818060bcfa6
34.84992326,-15.44794977,1138046291,node,9.375,hospital,,Zalewa Health Center,,,,,,,,,,,,,,,,,,,,,,,,7197565,1,2011/02/05 21:38:28+00,dacc008dee9b404dbaf76274166152a9
34.29496985,-11.60843026,11384969353,node,9.375,clinic,,,Private,,,,,,,,,,,,,,,,,,,,,,,144611419,1,2023/11/30 05:07:10+00,1fcde32f6728477a937e6c21fd503515
34.88053464,-16.18947394,6463833509,node,12.5,clinic,clinic,Mwanza Clinic,,,,,,,,,,,,,,,,,,,,,,,,70100644,1,2019/05/10 08:39:38+00,0472c7aab79a4751a8a97173df671e20
,,1173154903,way,12.5,hospital,,Kochilira Rural Hospital,,https://zipatala.health.gov.mw/facilities,,,,,,,,,,,,,,,,,,,,,,136143478,1,2023/05/15 21:17:12+00,6c41a7b0f9e54986a60c7a1d84f465d9
33.86694964,-9.808454101,4969023442,node,9.375,hospital,,Mwamupatwa Health Centre,,,,,,,,,,,,,,,,,,,,,,,,50265722,1,2017/07/13 19:02:59+00,a80ecd4b7fec442bbb72e3be69d4aa83
,,1010343402,way,9.375,clinic,clinic,,,,,,,,,,,,,,,,,,,,,,,,,114716505,1,2021/12/08 20:33:35+00,6a9eb0ccf1b54e2887f984a5ccc8de6e
33.70669478,-14.02817062,274086722,node,12.5,hospital,hospital,Likuni,,,,,,,,,,,,,,,,,,,,,,,,156903213,2,2024/09/21 09:33:49+00,9cbebf3a47ed4f8fb5b50373e5d0f885
,,258708430,way,9.375,,clinic,Central Health,,,,,,,,,,,,,,,,,,,,,,,,92643032,4,2020/10/17 21:59:24+00,cf82ddf91ea048f1ab8c48da31c8f70f
35.02216516,-15.80199331,6461562513,node,12.5,hospital,hospital,QECH Gynaecology ward,,,,,,,,,,,,,,,,,,,,,,,,70068980,1,2019/05/09 11:31:15+00,1bc4b409211643b2b479811c5c05582b
,,305211274,way,18.75,hospital,hospital,Mapale Health Centre,Malawi Government,,,,,,,,,,,,yes,,,,,,,,,,,86462680,2,2020/06/10 11:59:27+00,f3662380b6a94cb29f712892620265a1
33.76617226,-13.98629337,12860610990,node,31.25,hospital,hospital,DNA Hub Africa,,,,,,24/7,,,,,,yes,,,,,,,,First Floor Office,"European Business Centre 03, Area 3",1844,Lilongwe,166693767,2,2025/05/24 11:59:15+00,4c95861ff4eb4ed681839aea1996e307
,,814592976,way,12.5,hospital,hospital,MASM area43,,,,,,,,,,,,,,,,,,,,,,,,86468222,1,2020/06/10 14:07:55+00,b992d7e22fa148c58afc2124bbab3f13
33.76696787,-13.98475982,4464691592,node,15.625,pharmacy,pharmacy,Mitch Pharmacy,,,,,,Mo-Su 08:00-21:00,,,,,,,,,,,,,,,,,,101507691,2,2021/03/22 13:19:57+00,30f29177190a4aa2a1a76a3a2fbf8ef7
35.02342413,-15.80297525,6461623045,node,12.5,hospital,hospital,ENT department,,,,,,,,,,,,,,,,,,,,,,,,70069880,1,2019/05/09 11:57:48+00,acaa7d2fb34b4bc8bf55aa65dfa85bdb
35.02361993,-15.80266034,6461623044,node,12.5,hospital,hospital,John Hopkins Research Project,,,,,,,,,,,,,,,,,,,,,,,,70069880,1,2019/05/09 11:57:48+00,e728537dbeb9454486562703e31c3db2
33.76384503,-13.99035767,5635218825,node,12.5,clinic,clinic,Care Polyclinic Limited,,,,,,,,,,,,,,,,,,,,,,,,97008995,3,2021/01/05 22:59:29+00,aa87418bd0074028915cb01cbd5233c6
33.47066575,-13.04095618,561318036,node,9.375,hospital,,kasungu District Hospital,,,,,,,,,,,,,,,,,,,,,,,,3100794,1,2009/11/12 19:20:50+00,efa70317afd44ac28ff8c741fd96b7ea
,,790308652,way,12.5,hospital,hospital,Balaka District Hospital,,,,,,,,,,,,,,,,,,,,,,,,86393504,4,2020/06/09 08:13:45+00,4083653d37d7434a9d5c5948b5ba8f87
,,460598830,way,12.5,hospital,hospital,Khongoni Health Center,,,,,,,,,,,,,,,,,,,,,,,,90102485,2,2020/08/28 23:05:54+00,587eb8a1702547f68a99920fbc284a0f
35.05218353,-15.81693455,9657873305,node,12.5,hospital,hospital,Limbe Central Hospital,,,,,,,,,,,,,,,,,,,,,,,,119567175,1,2022/04/11 08:44:15+00,2562d2d66e984588bf44dd52dc4541a1
33.77492037,-13.98921162,5332030022,node,15.625,dentist,dentist,Royal Dental Clinic,,,,,,Mo-Fr 09:00-16:00,,,,,,,,,,,,,,,,,,152755438,2,2024/06/16 10:58:13+00,a9fb89bffa1640208cbeb72d9cededb5
35.02665485,-15.93949231,1693602252,node,9.375,hospital,,Makungwa Health Centre,,,,,,,,,,,,,,,,,,,,,,,,11119312,1,2012/03/27 18:55:38+00,af11f45ecf08495d8c404535ba4db406
,,809595214,way,15.625,hospital,hospital,Monkey Bay Community Hospital,,,,,,,,,,,,,,,,,,,,,,,Monkey Bay,85952766,1,2020/05/29 14:53:16+00,7f2f535f165347468643c1bde3b94934
,,300269753,way,9.375,clinic,,Banja la mtsogolo Clinic,,,,,,,,,,,,,,,,,,,,,,,,119479929,2,2022/04/08 17:44:18+00,b2587bb0b7304608bc7828be096b3f1b
33.76424149,-13.9848775,4464672594,node,15.625,clinic,clinic,The Clinic,,,,,,24/7,,,,,,,,,,,,,,,,,,101507691,2,2021/03/22 13:19:57+00,39b03fddc24c470eb5ddd7861da9c533
,,448514328,way,6.25,hospital,,,,,,,,,,,,,,,,,,,,,,,,,,43011361,1,2016/10/19 15:36:41+00,b29c541637234ffbaa587efc29d7c25f
,,460630261,way,12.5,hospital,,Mponela Rural Hospital,Malawi Ministry of Health,,,,,,,,,,,,,,,,,,,,,,,44527834,1,2016/12/19 22:44:11+00,f6127d88f0aa47aca6b2f1698bc68fc8
33.52082658,-9.679650736,5567732924,node,12.5,hospital,hospital,Misuku Health Centre,,,,,,,,,,,,,,,,,,,,,,,,58277160,1,2018/04/20 21:44:05+00,09d6f1c21ade4b1a9e19e23b84aab4c4
,,1173127052,way,9.375,hospital,,Mchinji District Hospital,,,,,,,,,,,,,,,,,,,,,,,,136139926,1,2023/05/15 19:09:09+00,f00c16fbd8a7479898531e5f8e8170cb
,,1221792778,way,25,hospital,hospital,St. Chavara Health Center,"Lilongwe Diocese, Sisters of the Carmel",,general,religious,,,,,,,,,,,,,,,,,,,Lilongwe,143743108,1,2023/11/07 15:48:56+00,83fd6cb5e82b49b5a429221d0db70daf
,,447405316,way,15.625,hospital,hospital,Likuni Hospital Private Ward,,,,,,"Mo-Su 08:00-12:00, 13:30-17:00",,,,,,,,,,,,,,,,,,92943825,3,2020/10/23 10:25:03+00,2d248eeb8a8f433bbc41e639810a6268
34.88183266,-16.27773915,6463828714,node,12.5,clinic,clinic,Nkombezi Clinic,,,,,,,,,,,,,,,,,,,,,,,,70100568,1,2019/05/10 08:37:15+00,02002f0649a04265bf774b4e8e2a653d
,,363472621,way,12.5,clinic,clinic,Chancellor College Clinic,,,,,,,,,,,,,,,,,,,,,,,,120514070,2,2022/05/03 19:48:23+00,07670ce523d64fff91dc20168f9b99cf
,,800758158,way,12.5,hospital,hospital,Salima District Hospital,,,,,,,,,,,,,,,,,,,,,,,,84767573,1,2020/05/06 14:49:38+00,fa0f092b740142b98bfabd850b5b4c8e
34.60874447,-15.43732378,1259594976,node,9.375,hospital,,Neno Parish Health Center,,,,,,,,,,,,,,,,,,,,,,,,7964185,1,2011/04/25 14:32:30+00,393e27298b474056ae154bcfba1dd475
33.57642793,-13.3335877,10153818617,node,6.25,clinic,,,,,,,,,,,,,,,,,,,,,,,,,,128419548,1,2022/11/03 05:51:43+00,0b9f8be39be64394859c8d6e68a679ce
35.03927565,-15.7786777,7780255385,node,9.375,hospital,,Ndirande Community hall,,,,,,,,,,,,,,,,,,,,,,,,88864483,1,2020/08/03 08:06:49+00,350f2437152c4898b6685edebe31e7c2
,,791436311,way,12.5,hospital,hospital,Nkhoma Hospital,,,,,,,,,,,,,,,,,,,,,,,,133614378,3,2023/03/13 08:35:56+00,6d114c5cfbc04671bc76982b49324026
35.6869329,-15.71753315,7532250401,node,9.375,hospital,,Kamuzu Central Hospital,,,,,,,,,,,,,,,,,,,,,,,,85380815,1,2020/05/18 11:29:23+00,65c5c53ce88344b8b5c2b318ed56b548
,,472167267,way,15.625,hospital,hospital,Mangunda Health Centre,,Bing,,,,,,,,,,,,,,,,,,,,,,85384841,2,2020/05/18 12:41:27+00,7dd85ed186884decabfc5e9e6f2e098a
,,302721200,way,9.375,clinic,,Muona Health Centre,,,,,,,,,,,,,,,,,,,,,,,,25344920,1,2014/09/10 09:45:52+00,8d56f6d2ffc740648661344d44780b1e
,,1059555208,way,9.375,clinic,clinic,,,,,,,,,,,,,,,,,,,,,,,,,120885091,1,2022/05/12 11:48:59+00,7416a42ee35943a5a9529c21763e49a8
,,706918316,way,12.5,hospital,hospital,Namasalima health centre,,,,,,,,,,,,,,,,,,,,,,,,170193162,2,2025/08/09 10:04:15+00,c8255111685147568131af650bbf305d
35.31545399,-15.38631311,5333621823,node,9.375,pharmacy,,Pharmacy,,,,,,,,,,,,,,,,,,,,,,,,55358985,1,2018/01/11 17:57:05+00,de7248c6a7ce4e6a994b285fa94905f4
,,302037547,way,12.5,hospital,hospital,Matawale Health Center Main Building,,,,,,,,,,,,,,,,,,,,,,,,164792364,6,2025/04/11 00:16:25+00,cde004c1e7ac4ea888af3769136874ab
,,1298179330,way,25,hospital,hospital,Kamuzu Barracks Hospital,Malawi Defense Force,,general;stomatology,military;government,,,,,,,,,yes,,,,,,,,,,,154996737,2,2024/08/08 20:37:20+00,4c0edc8ff0fe4b46a9487418a23d5faf
,,805346462,way,12.5,hospital,hospital,Thyolo District Hospital,,,,,,,,,,,,,,,,,,,,,,,,173072175,2,2025/10/10 00:20:21+00,3ef3d86ade4542489948c4c3206814c2
35.47956378,-15.30887698,12744152686,node,12.5,hospital,hospital,Bimbi Health Centre,,,,,,,,,,,,,,,,,,,,,,,,164757862,1,2025/04/10 08:50:46+00,f74fcc55771349bda9e057416ee25744
34.01739399,-11.46148242,6802281386,node,9.375,clinic,,Mzuzu Youth Life Centre,,,,,,,,,,,,,,,,,,,,,,,,74581294,1,2019/09/17 13:34:15+00,9e667be5988e48e08758c8dae705fb0a
,,297906807,way,9.375,dentist,,Adventist Hospital Dental Service,,,,,,,,,,,,,,,,,,,,,,,,24767686,1,2014/08/15 13:51:32+00,9e40ba55e13c466b848bc80f10806047
,,1211342336,way,12.5,hospital,hospital,St. Montfort Hospital,,,,,,,,,,,,,,,,,,,,,,,,141835371,2,2023/09/27 19:27:09+00,342164b36225487dbc243271ffd6ce65
,,533164736,way,9.375,hospital,hospital,,,,,,,,,,,,,,,,,,,,,,,,,53011912,1,2017/10/17 13:33:16+00,80f169d987c146cbbafb522de86975b0
,,635688662,way,9.375,hospital,hospital,,,,,,,,,,,,,,,,,,,,,,,,,85388254,2,2020/05/18 14:02:13+00,26bd0a0c05744dfbb1ad10fcc0ab4061
,,886636418,way,9.375,hospital,hospital,,,,,,,,,,,,,,,,,,,,,,,,,153425514,2,2024/07/01 19:01:11+00,cff61fcfc814468ab587c2ef23d92fed
,,238113070,way,9.375,pharmacy,,,,,,,,,,,,,yes,,,,,,,,,,,,,17855538,1,2013/09/15 18:38:37+00,5b7cc95f2106493abc464a00f891a688
33.75717454,-13.98707733,8650674779,node,15.625,dentist,,Dr Anthony's Dental Clinic,,,,,,Mo-Fr 08:30-15:30; Sa 09:00-13:00,,,,,,,,,,,,,,,Young road,,,103325716,1,2021/04/21 09:10:40+00,b16e5d25470f451ab388bb81bfb4daf5
,,353260386,way,9.375,hospital,,Chisoka Health Center,,,,,,,,,,,,,,,,,,,,,,,,45781049,2,2017/02/03 15:07:50+00,8ea8d22b13b14a5282517a8f9e91e788
,,243283827,way,9.375,hospital,,Health Clinic,,,,,,,,,,,,,,,,,,,,,,,,25614957,2,2014/09/22 23:17:17+00,abc731075b1e496d9900d8f12c19dc15
33.87030693,-13.66177743,9359979108,node,18.75,clinic,clinic,Dzaleka Healthcare Center,UN agency,,,ngo,,,,,,,,,,,,,,,,,,,,168607362,2,2025/07/07 14:02:09+00,ca32ed73e9634d9590d0584bd130cc0b
35.0206954,-15.80216363,6461575219,node,12.5,hospital,hospital,Adult AETC department,,,,,,,,,,,,,,,,,,,,,,,,70069186,1,2019/05/09 11:36:57+00,e23ee8b1b0744fae8d89ec352b8d712c
,,1122580434,way,9.375,hospital,hospital,,,,,,,,,,,,,,,,,,,,,,,,,130145960,1,2022/12/16 09:00:50+00,d8996535ae804cb09ac76a55a29bd34b
35.48866644,-15.23169574,12744168780,node,12.5,clinic,clinic,Namasalima Health Centre,,,,,,,,,,,,,,,,,,,,,,,,164758006,1,2025/04/10 08:54:39+00,5c6016ff13454025b3e3df53d901f451
,,505273221,way,9.375,hospital,,Malambo OPD,,,,,,,,,,,,,,,,,,,,,,,,50056655,1,2017/07/05 11:39:14+00,85c159c1b2a1478bbbe9a1758f77e848
34.6254424,-14.80503877,3075055995,node,9.375,pharmacy,,L.C. Pharmacy,,,,,,,,,,,,,,,,,,,,,,,,25412291,1,2014/09/13 14:28:11+00,4a8bb3ebf3034f468c81e1238a28c40a
33.58783394,-12.26395577,1629688666,node,9.375,hospital,,Ehehleni Health Center,,,,,,,,,,,,,,,,,,,,,,,,10662629,1,2012/02/12 12:54:16+00,6f4a2dffb7b34fd68a0b0625262b106c
,,1314243300,way,12.5,hospital,hospital,mwatibu ground,,,,,,,,,,,,,,,,,,,,,,,,156368070,1,2024/09/08 20:21:00+00,23b54478072441e492f4169db1984ce9
32.87971098,-13.81539307,12137788077,node,9.375,clinic,,Matemba Health Post,,,,,,,,,,,,,,,,,,,,,,,,155784891,1,2024/08/26 14:10:01+00,d04a0183417d48998379f664613173fc
,,300273761,way,12.5,hospital,,NKHOTAKOTA DISTRICT HOSPITAL,,,,,,,,,,,,,,,,,,,,,KASUNGU ROAD,,,44580954,3,2016/12/22 03:30:02+00,a5a89f490dfa4cd48a7d242d83bcd594
34.87183154,-16.26684922,3065361682,node,12.5,pharmacy,pharmacy,Nchalo Medicine Shop,,,,,,,,,,,,,,,,,,,,,,,,141846740,2,2023/09/28 05:31:33+00,6eb908830aea4730b91a8325830851e4
35.02149595,-15.80213404,6461571589,node,12.5,hospital,hospital,Paediatric outpatient department,,,,,,,,,,,,,,,,,,,,,,,,70069114,1,2019/05/09 11:35:00+00,90076e560d074803987c22c2d9d80512
,,688877839,way,12.5,hospital,hospital,QECH Paediatic Moyo ward,,,,,,,,,,,,,,,,,,,,,,,,70068509,1,2019/05/09 11:18:42+00,242112b860244048944b6d6924ff2329
,,266272663,way,18.75,hospital,hospital,Queen Elizabeth Central Hospital,Ministry of Health,,,government,,,,,,,,,,,,,,,,,,,,137686938,14,2023/06/23 12:26:03+00,9b25f8c2b7df4e269aa843ef90163505
,,279197509,way,12.5,hospital,,Seventh Day Adventist Hospital,,,,,,,,,,,,,yes,,,,,,,,,,,114167134,6,2021/11/24 06:19:52+00,3eba53d17c934ff59376b0c5416f7909
33.7688362,-13.98708018,4453610793,node,12.5,pharmacy,pharmacy,Pharmcare,,,,,,,,,,,,,,,,,,,,,,,,97009215,2,2021/01/05 23:10:01+00,24002221b73c4adbba503b2ff1c23cfa
33.58436258,-11.89890486,10266988313,node,12.5,hospital,hospital,Mzimba South District Hospital,,,,,,,,,,,,,,,,,,,,,,,,130145960,1,2022/12/16 09:00:50+00,361ed688878c4d0488b0759d9f2d219f
33.35886424,-11.25147844,9969322377,node,9.375,clinic,,Kamfutu Health Post,,,,,,,,,,,,,,,,,,,,,,,,157449948,4,2024/10/04 08:39:14+00,46335e9f3b1748cf929713d7d65eeb0f
33.92438203,-9.940606036,4429368137,node,6.25,clinic,,,,,,,,,,,,,,,,,,,,,,,,,,42613169,1,2016/10/03 19:15:22+00,0d40427b96e942e99351ce913e1b2906
35.02266263,-15.80166985,6461643908,node,12.5,hospital,hospital,Chatinkha Nursery,,,,,,,,,,,,,,,,,,,,,,,,70070204,1,2019/05/09 12:07:49+00,7cb910645a7c43988461d33d3db523bb
35.02214639,-15.80171595,6461561642,node,12.5,hospital,hospital,QECH Obstetric ward,,,,,,,,,,,,,,,,,,,,,,,,70068952,1,2019/05/09 11:30:38+00,e878c5f9e9b043a39741d19d7be5970a
33.92448127,-9.940330942,4429376033,node,9.375,clinic,,Banja La Mtsogolo Clinic,,,,,,,,,,,,,,,,,,,,,,,,82782749,2,2020/03/29 15:27:20+00,0886bbaf0b4c48b0bc74e7fad65c095a
,,543141503,way,15.625,hospital,,CURE International Orthopedic Private Hospital,,,orthopaedics,,,,,,,,,,,,,,,,,,,,Blantyre,62750703,2,2018/09/20 05:45:56+00,aa973d725a4f47659ca6ca51e98e88a2
,,680692224,way,12.5,hospital,hospital,David Gordon Memorial Hospital,,,,,,,,,,,,,,,,,,,,,,,,95328814,3,2020/12/05 10:32:58+00,3a8e122351d84044ac6502fed2be6048
35.17121057,-16.28926041,7609128523,node,9.375,hospital,hospital,,,,,,,,,,,,,,,,,,,,,,,,,86467760,1,2020/06/10 13:56:32+00,8b3e2ab8fcf1439ab78c35f40828aa90
,,447403081,way,12.5,hospital,hospital,Makandi Tea Estate Health Centre,,,,,,,,,,,,,,,,,,,,,,,,85384969,2,2020/05/18 12:43:53+00,738239733f2e4df1a2c8f70b246f0a2f
34.29733824,-11.61022792,11384982815,node,12.5,hospital,,Chipatala Health Clinic,Private,,,,,,,,,,,,,,,,,,,,,,,144611607,1,2023/11/30 05:24:38+00,3b2e3944486444f9aa09ed4b9026d402
,,790308984,way,12.5,hospital,hospital,Nsambe Rural Health Center,,,,,,,,,,,,,,,,,,,,,,,,135789106,4,2023/05/06 19:15:14+00,b6b2235fbce54ab8ba88bca8baf22298
33.76613153,-13.98198298,4946370136,node,12.5,dentist,dentist,Minoo's Dental Clinic,,,,,,,,,,,,,,,,,,,,,,,,102863894,2,2021/04/13 11:41:01+00,69aed7b781b34b2f86ac872c7b44fdec
,,496988497,way,21.875,,clinic,Extending Hope Clinic,Extending Hope Organisation,,general,private_non_profit,,24/7,,,,,,,,,,,,,,,,,,159980282,4,2024/12/06 04:46:02+00,637d20b5b33145d9b6f78d11e7dfba67
,,582054613,way,18.75,hospital,hospital,Misuku Health Centre,Misuku Health Centre,,maternity;general;paediatrics;community,,,,,,,,,,,,,,,,,,,,,59327150,2,2018/05/28 03:50:40+00,7e6f398df50e4cd0ad52ada7024eccc1
,,814592065,way,12.5,hospital,hospital,Chitipa District Hospital,,,,,,,,,,,,,,,,,,,,,,,,86468077,1,2020/06/10 14:04:20+00,a2ec55c000404c878a3e334aa4fb68f1
,,507576234,way,9.375,clinic,,Phapa Clinic,,,,,,,,,,,,,,,,,,,,,,,,50284389,1,2017/07/14 14:16:03+00,6f2456a8bb0c47c1bcfa343b904f96a0
35.39101542,-15.68670962,1612918621,node,9.375,hospital,,Milepa Health Centre,,,,,,,,,,,,,,,,,,,,,,,,10548112,1,2012/01/31 11:02:10+00,4b6cdfa8b9b64ec19916083e9dcc2ee8
,,599421035,way,9.375,clinic,clinic,,,,,,,,,,,,,,,,,,,,,,,,,59983549,1,2018/06/19 15:59:09+00,bf6a501921f64b129d583a5d125a67e2
,,317820445,way,9.375,hospital,,,Dr. Chilemba,,,,,,,,,,,,,,,,,,,,,,,27554387,1,2014/12/18 17:06:42+00,9d1c252bbfa544ae826e2a994c1d70d6
33.77797155,-13.96451568,12485865777,node,9.375,clinic,,Lingadzi MASM clinic,,,,,,,,,,,,,,,,,,,,,,,,161156448,1,2025/01/09 05:42:07+00,39fe21f6166c4e10be784addd0c6e1ca